num,x,y,z,q1,q2,q3,q4
0,-0.799559473991,0.146675676107,0.0,0.0,0.0,0.828067081019,0.560629030049
1,-0.928362369537,0.331106126308,0.0,0.0,0.0,0.87129929294,0.490752016931
